image,target
aadawlxbmapqrblgxyzarhjasgiobu.png,0.09591268748044968
abpxvdfyhaaohzcrngcucmhffwizxs.jpg,0.050679802894592285
aclkjfvackiieiznzfcwienplielrj.jpg,0.999661386013031
aelkivmayxgsdjosiibfgmkvfrjvjk.jpg,0.3615274429321289
aelzzshpfxerelefnkatpczktuxjln.jpg,0.001865887432359159
ajnjnkvstqesvfohaptobyasrkmcnq.jpg,0.006193074863404036
akkydnvilgvzigllmboonbqbbioocs.jpg,0.9940711259841919
akvjfjhgayyjwrqrczjbeyoqhhajis.jpg,0.07982310652732849
alcveyvosnywyjbmngolmnblftdoje.jpg,0.04173102229833603
alfuzzlrjkdrrzauiswqnuvpvzfluc.jpg,0.7751660346984863
aljnaycepveqbedxhsklixyjodpcho.jpg,0.06150144338607788
amvorhijzrsihdqvyddkamjdyuahqm.jpg,0.047324344515800476
autvannlbggmjsuhqbnnffyhrnyyhp.jpg,0.9734909534454346
aveecvuafgubjfweqsfyomjgyazdxs.jpg,0.989922285079956
ayqcgikqwwnikkwdufxnxhfixdpelp.jpg,0.8530268669128418
bakmhsflobtjjwilhsiqynhmnrjjnq.jpg,0.567966878414154
bbolakporoaeojpqandvajgrojnkaj.jpg,0.3320762515068054
bcqfficwazmpxairlfnchvusputshk.jpg,0.9972243309020996
bctvvfysokpohqxzngbuuaugtgtkov.jpg,0.02610875852406025
bfjrheksmajsxlorqmwtpwjonzkyiv.jpg,0.8812824487686157
bhczfsgehqldydadvfldnunftxzfdv.jpg,0.11708705127239227
bihlsygajgvqsywzkpfbmupevnuoqh.jpg,0.05007893592119217
bivegebpyjsmiaylkruufjevjxqydc.jpg,0.998954176902771
bjlwcuatbrxhdxocieancqgdlgqnma.jpg,0.15915447473526
bkhjxlxizjiychukanlstfpcodlubc.jpg,0.002855006605386734
blgzlxqgcpxulfwfywadwbbeptqcol.jpg,0.8753467202186584
blmgakpsirdrdnimkjwdnbusgactzx.jpg,0.9198735356330872
bophtvssbpnmzkxfxuvupbriwazlcz.jpg,0.004224677570164204
botfdlboeryhmfxctjvzbqriqyonuv.jpg,0.7813607454299927
bqjjodotjhmmchkiityjpmglknkzdq.jpg,0.7008780837059021
bqudlucapxfguiydzopfdvuasiwscs.jpg,0.07166547328233719
broomszdrrefxhmthsxwurzfuutkft.jpeg,0.184290811419487
bucfsqoezlveinjzzyyfiianjzrklf.jpg,0.9981759786605835
bvrbztwngoiduyhlrnxnybuqamwdjq.jpg,0.9944325685501099
bynakhmyescxfghpzliqaaewgtlhas.jpg,0.49877089262008667
bzdueelveubapkgmqbhzrerdmvbqtz.jpg,0.008042505942285061
ccliaukfdmqskirlsqaemkdtziyhos.jpg,0.0009174369624815881
cdugozukojbkpzksazbxqxnpxnoxts.jpg,0.9994971752166748
cdxocpqismtjtcoiqncmocnyhqipeq.jpg,0.00934014841914177
cemwpmilmtzyyvpoxxflruiyubdzvc.jpg,0.8751318454742432
cetwookalphtxhtbwgcpzfjpmasfic.png,0.9164730906486511
cgnarbagkiqkuvnbgidtpbpzlxxzzc.jpg,0.9459920525550842
cjbutauggylhztvnyutbozyfqaealv.jpg,0.29973477125167847
clcluoyktakfjgcjyjgbbrhaxjkanl.jpg,0.13252055644989014
clibkrbidguqcugbkymxqioqwolsvv.jpg,0.9436627626419067
csaamuupuegbgkdvhihaucddwkvgcg.jpg,0.0004935187171213329
csrqrzoyceubuehyicuwjisnsvyfuk.jpg,0.8904094696044922
cxnmwtwjlhvwljnwzdyucnlrkwmzva.jpg,0.9978945255279541
cxtbkqwdjxgxlieyzzfokybmrynvzt.jpg,0.8587958812713623
cynaerknbrqzwlssknbvxqoffjfmqa.jpg,0.21099163591861725
cytfwnqddgfmwopldwoyzfgvdshchj.jpg,0.00037254751077853143
czfaqpiyukmerduehjkdrhkhtqxbia.jpg,0.6507282853126526
dbuvujopjxofqfcsxghgeruyrhqamf.jpg,0.9955791234970093
ddmvffnxrrqoftjquegcfyynvbpioe.jpg,0.886963963508606
dfbqqsvocxgkdljrvnnztyvaexmxgp.jpg,0.6158950328826904
dgzjgjduiwcejpltzhhsdrsfrfwbhm.jpg,0.1599169671535492
dhcyrecupnqhsmwidgcgghdvkmlsfi.jpg,0.002548265503719449
dhxbbarhojjiuoacxyzdtayykriavi.jpg,0.9723814725875854
dihlagwlolbphxxdxmfbsmaeqqqcgs.jpeg,0.000776728498749435
djdsobvkfuoagxivxpraiusgzjozds.jpg,0.9936373233795166
dlaaovaxfeqezvculovoovlyakhlgd.jpg,0.03471106290817261
dnzsxkpbmmtytvrlklmnbprbcwysix.jpg,0.030041558668017387
dobrsakjzqfkkwbuvhfpxgjynstyjd.jpg,0.8999613523483276
dpnnhtmzinfjwzxeihghlsaugrseso.jpg,0.7673690915107727
dshtrcyfhcxdnmqcpqaachrxbmraqm.png,0.08977597951889038
dthpinelztapoyhclbpyyxijcqcsyv.jpg,0.9911057949066162
duythftfcibydcrmobngveppsbczuq.jpg,0.5435908436775208
dveocsyrdwmmokqvzmherympxsnhjg.jpg,0.8256279826164246
dxkxrtwzulytuhegnxjznhxxsqdvjt.jpg,0.9187785983085632
dyintomnapqkperdaokbxbsyrgiadi.jpg,0.8699495792388916
dyjtodxzlakemnjmxwcvxezykwmvoo.jpg,0.05400466173887253
egmlopponygomfuzzhzoextlxzgkmo.jpg,0.02116638794541359
ejmhvjdcgulaxvqqwyuwabbwqjievn.jpg,0.823631763458252
ejwoiledjlwunsjpnuquukzkjhalov.jpg,0.09794418513774872
elajrsvrogkgcerlrfjvwgzqdzjumg.jpg,0.0070145828649401665
eoeatxoppisxmubbwmpnabjbezizgx.jpg,0.8708586692810059
eofsqiwaevaeqkxjdayeeyzhliteho.jpg,0.11247996985912323
eowgxpfwjhfpfvoytzlejmtyxegcfx.jpg,0.3778577446937561
epicmexrbnzcoykteovumnjlpeeejh.jpg,0.3459354639053345
eqhyxymtcmsvgesckcrjowyebhnohw.jpg,0.019031429663300514
eqycjhiuvqojearvldxihxvmrajwtc.jpg,0.009226148016750813
ethbvskgnyzyuirqytshhzvyzbqjxv.jpg,0.973227858543396
eusetdoazbgklyqcezwcacrokjcufo.jpg,0.9958057403564453
ewrlffkoseneqgraxwhomtlwxiwekb.jpg,0.5243015885353088
eyavyurhmycfumwdjnvvxenleadrcl.jpg,0.17446328699588776
ezmnotqwlrngiwgnwbaheeoueyxvny.jpg,0.06686125695705414
fefhbwjojkixcapyhinlmsqvjyhjmk.jpg,0.007117108441889286
fhggkjdcfrlbgjgdohqetzvtzvzwox.jpg,0.04413839429616928
fhhipzleexntfxjqfztvtikwqlylfz.jpg,0.05618885159492493
fmkdsmhmklnzkownqsschpnomjedlx.jpg,0.9537216424942017
fnefuqqsicuqfsymibosjdjwawrmvq.jpg,0.9620937705039978
fnkfsdjmdihrmynpqxmnrwzxessrdc.jpg,0.8810380697250366
frpsiqoutwcdsluictnefqjbnhaojr.jpg,0.11482822149991989
ftcupseqywfpqtfftqilalhmaanpcv.jpg,0.012798234820365906
fuldxhllmyyhygdvrczspchtlwifqm.jpg,0.13400962948799133
fvitugrhbmzimhnlanfwqhnmtovgob.jpg,0.999447226524353
fvlynglrxqdpvnhnaojggecbomqvbr.jpg,0.06620756536722183
fvmrktruwpyzblmwwnubraikddamol.jpg,0.004987543448805809
fvvzssylplidrbhtvshkkfflzatqsd.jpg,0.9337984323501587
fvyderokisqwuoqwuaoadkkvtfoeya.jpg,0.03863469511270523
fwjhmiqtdoufzyyzkjzxrhzdwkcedo.jpg,0.04419978708028793
fxrmuuyabdjwnsveyuijcliwmywezh.jpg,0.9549480676651001
gadijdxgeinztdiaolvtceypzbvlam.jpg,0.08798594027757645
gbdwbyuafezgszupikmwrdivflidna.jpg,0.0027405594009906054
gbfvanqxwaqvwzxuqegqaompgvsamm.jpg,0.003153192810714245
gdkceqpjaozdsbfuaapadetsdgsoyz.jpg,0.9712952375411987
gdwbhsehebmpgcfbndlibiccryfxid.jpg,0.8383725881576538
geadhikvjfcvvrtszjsxqnevbdvstr.jpg,0.7098332643508911
geaxljqcgthkjujpgjqtinitobfjqe.jpg,0.991955578327179
geszfskhujvpyziumhlqpgptmpajtt.jpg,0.06810330599546432
gexghbuikqpefswrouipqfgvkzdkzv.jpg,0.002140249125659466
gftflwiwqrswxrpccfpkhdftoajcws.jpg,0.002207875484600663
ggqkntfyrhgeizstqrxlhhpwvjykbl.jpg,0.7028289437294006
gjppsnmwvegpfaotczwscojavigasa.jpg,0.007855735719203949
gkxlqxmuohjzxzweewniylzaxuqiit.jpg,0.020512759685516357
glnkqsehtsemwxgfcabdouxnguoope.jpg,0.03210779279470444
glpbrbtkrussrnfolvxynzjdfkvbin.jpg,0.9837608933448792
gmocqhzokvhyrkohiraxixdbmcscjq.jpg,0.003047193633392453
goxowiqsuthbriuqxiespbmeegqkvf.jpg,0.8611732721328735
gppgpyeceknjakxhnvcgivtzqkexdt.jpg,0.7070704698562622
gqbziiohphcmauvpfwlcpyxqqapghh.jpg,0.028007760643959045
gqyjkyvhkkgfldgfvrkwvogjnganlj.jpg,0.24042901396751404
greuliaymizfmfvngfqmrbzayusphp.jpg,0.04066620022058487
griokgoxjwgbtlffxnqnoefynizroa.jpg,0.0020325803197920322
gsphpflowsxvbzmqoehtwimxigmexc.jpg,0.14033353328704834
gtydqhzuwwcebasjexbrajitsqhnfh.jpg,0.0006507029756903648
gvykagbusbpbuzcvkftzaatczcevwk.png,0.9618607759475708
gvzjodvhueivloxnomfhmpmcdbzvap.jpeg,0.768333375453949
gzmiyxrvuprhvkmnckztiadtirmwrj.jpg,0.3693019449710846
haghwzucuaiwbeuerzxnrnflkytyqu.jpg,0.01228359341621399
hddqpruzeyfpuemmkrvajzewjauqbg.jpg,0.515244722366333
hdftlvovpcycpipsqjnfxbzuvmlnlm.jpg,0.6654525995254517
hdmcngrvtgikfstjgrgqfotraeffgg.jpg,0.0017817781772464514
hepwugnfdvxafszdjsdmscpcvejipp.jpg,0.3407740592956543
hhirnwzcfyhnrwbfjmhioqyosjouxm.jpg,0.016570525243878365
hirjzqktwfoauvblgqocpnrhksqdih.jpg,0.9678794145584106
hkftgcijkghprpxyuknyfimzjlzpde.jpg,0.7355369329452515
hnmbjysdtuiasvlabvnataindypuzu.jpg,0.026317233219742775
hqxkkaletsjpqenfgprderxwvvdtwx.jpg,0.0254204198718071
hsyezwcpciffcupbkadwtcqpxhlofh.jpg,0.034474194049835205
iczzwmswptqjkzgbczxmgewfkfbfbn.jpg,0.10773169994354248
idardcfquyazdghrsrbiyujmguzxnr.jpg,0.2268718183040619
idnwoyvjflsoiwvbcleokhdfgdwqng.jpg,0.4816805124282837
ifhrlfbitalzvqnfwqnuudutpbfpdq.jpg,0.2501268684864044
igulitrigxyyzhhiduazzrwydlqrcv.jpg,0.3926009237766266
ijmzxmoihywxoariplmfexcmexsibs.jpg,0.9570428133010864
iluwkwmnrgiouhirnkfdmhnczfxivc.jpg,0.015738293528556824
ilyczntkhdwwqxgayvmewwrvonzokc.jpg,0.7737833261489868
imkumwldsvcwkjbhwglebnqtgjuaqy.jpg,0.9546241164207458
imzjoogcbcvsgkbekgsxdfhxdlodgb.jpg,0.15905815362930298
inilzqtajpxhdbqrrrmvnhrzmevhkv.jpg,0.8741143345832825
ioafahyushqhdpfinjvuormfkchmjf.jpg,0.04625267907977104
ioedeamftahwmovcpgigwnypdhykwz.jpg,0.10366568714380264
iosikwfhnhmqdvuymkrdeatakkdryd.jpg,0.4459480941295624
iqpspkpytnrfnnxpbdgulrpmdssxvv.jpg,0.007087498903274536
itsfoylidpuiehheyisjrssydwpkjs.jpg,0.005253402050584555
itxiomwebnkfodztausaduxyrhgfrv.jpg,0.9938693046569824
iurkzngzsfejzqwpvcogoamriplacq.jpg,0.6297199130058289
iuzfasnekvmbbmtqetpnmrxcyopfie.jpg,7.672999345231801e-05
ivhqllncotctfxttkqqvwamkdeokih.jpg,0.5266621112823486
iwgumsxpuxzcolrrnfwkqidfknzjic.jpg,0.08847250789403915
iwrrnosiwxykcwfnzdnephwjeynjvr.jpg,0.9971498847007751
ixbtflbbatnitjiveitztqwnjfvidt.jpg,0.07938091456890106
ixnarcfjcjzduyghjrmbpsezuhxdeb.png,0.7312852740287781
iyyhdzhpafxpjyvrqstdlsvnhqntqw.jpg,0.9561919569969177
jaypieocqkwftzmbzsgrkttchyhpaa.jpg,0.9723644852638245
jbmhymhbpiobylwbugudyfpnkmisbc.jpg,0.9946378469467163
jcqewjmnixvdytkvwuvgywcblhvotx.jpg,0.9604321718215942
jdiamrvlvhyxhouxlkjrdcfoqbtzlf.jpg,0.9905489087104797
jdmorbhddqxvqofbotgldacezkmyjt.jpg,0.11821320652961731
jdtkbagujtkdseprtglztarncdxzqt.jpg,0.9901583790779114
jelzmmcmozeaeiswvdkwcltfccanwg.jpg,0.9776062369346619
jgvemmdihzkjgodvehrlpacstjwnbv.jpg,0.0016608210280537605
jgwawiynmntnlhhwckjlqtijvnkjff.jpg,0.9705525636672974
jhhjxctcsxlujwhoprnevvfprddnjs.jpg,0.04484012350440025
jhvehfryklsushrvqiyjrxtybsyxjs.jpg,0.1838003545999527
jhwecyoxnwdqysddxcjogbvlhjxrfm.jpg,0.15592311322689056
jiorwmlthejgwwbnshbuevjaunqbku.jpg,0.039960138499736786
jiuvimokosuqcqgxsjrpepfrxnudvl.jpg,0.047927554696798325
jjqgfnkunxqxwlrjxgakwcukfoavym.jpg,0.9878737926483154
jkutvlbzwibdltuythhqtweqazglok.jpg,0.0033912586513906717
jnsjofyggzkakdsxxmptabbiksbuty.jpg,0.9844388365745544
jnzcxqykfzbkbbgyscanfvxeqyruzh.jpg,0.0864592045545578
jqgkxlfpzrktkyilfyuhhdyfsycanf.jpg,0.0008407143177464604
jqueszoqlgzwqzksmzanznuieydnyy.jpg,0.9966389536857605
jsrbntbtdheogzmdzhatavcmmarvgl.jpg,0.6812682747840881
jvcaprbropasegknsisprgwgitcrpi.jpg,0.9730933904647827
jvpejwtddpkhiqhcikzoaojczgdwfz.jpg,0.9351907968521118
jwdjkvvfvggphwhqatmbkjjlzdienf.jpg,0.07227827608585358
jxtfudtgjrjafphvpcpyzvbjzkedlt.jpg,0.9997806549072266
kajnfbinymxwelbpykfzurocazkajm.jpg,0.12300010025501251
kcnlgwxftlpioadzfmayiitkbnkpfq.jpg,0.8032437562942505
kduwskepxdwxdgfzkgnfnformtkgzg.jpg,0.9521837830543518
kebxzepgnybcvtvjqohjaclvvsqjgo.jpg,0.6771571636199951
kfkptevnxrhoofzewofglxzxgvkdcg.jpg,0.35215646028518677
khvoycguuitlcpjxdflbkdgyzaoexh.jpg,0.09172101318836212
kigglxwgyxssmujauixjszahnjctrd.jpg,0.0006897447165101767
kjdbifjcnzclwxadgtmgafbcylljhm.jpg,0.162429541349411
kkgjefxvtjfypjsjgyhshrutwhgdml.jpg,0.8847501277923584
klkerkiflmmwcuzjqqkvhbrazosuzb.jpg,0.9604313373565674
kmxjicdqvpfpvrhqukkpumdscvgnob.jpg,0.06073736026883125
krnwchletlzkiqqzgvdfhwgcweukol.jpg,0.02303331159055233
ktfusajinfwbuflriajdptixqssvun.jpg,0.84192955493927
ktmunasppplitpubmrdjbiqyuaibnd.jpg,0.11186044663190842
kugkqjdlyxywogtbietnbvcmpjllwx.jpg,0.010059913620352745
kujdzaccxtihhcwwvsnuublztrnzie.jpg,0.12492451816797256
kvyzgviirzidxoawqeshlagmfmaqha.jpg,0.05939813703298569
kwufgmdpyknfvezeytoywortrtkcha.jpg,0.13234783709049225
kxcrhxbyxvhqnwqwqoqmaafwikuegm.jpg,0.9933387637138367
laaqrylcpzmanpcdilwteiuhetchzt.jpg,0.7897987365722656
lazlpqdyqxvdtgtfuwkcplrmtcoeoq.jpg,0.9996340274810791
lbvuqszvcwajhzclogpiprfgxiswpr.jpg,0.9712228775024414
lckpbjorlzqrhcccowfsaltairdvtd.png,0.47089481353759766
lctzakuojllwuturyhbsoyexhyrhfb.jpg,0.009739336557686329
leibivudzejijilbzmjwyqcgnolcbb.jpg,0.6923569440841675
lhiwujhlwspbbgqydwewaioirumkri.jpg,0.9095503687858582
lhrglduisvdlcgjiofvkkhvdcuaenj.jpg,0.020981337875127792
lihqabxpdhfuuctwreixqcwwmjdvkg.jpg,0.3290516436100006
lkzjcblzskcxgdzssgiasoddrrtouf.jpg,0.03581221401691437
llecnksnwfhbpbcjzzijseaoxblcbo.jpg,0.5162976980209351
lmdcsyqhjxxvdfzakuhxxmcrwmqkjj.jpg,0.05617097020149231
lmrbtgixyoyrpexyiydyqjsexswuxr.jpg,0.9887465238571167
lnulwsjdqnzkuyyaffwimadgavuwan.jpg,0.04941636323928833
louklilbbrpqodurfzvvejxglgocwi.jpg,0.8860896825790405
loyubqchniltkypeilmzrmwjnvjeiq.jpg,0.7498893141746521
lpozqsannlntslamuxvcfpbjttiihl.jpg,0.024650007486343384
lpxbhrpimmbsyeufegmxiuobcblwen.jpg,0.9843217134475708
lqfnxaohuxlvexjgebyyoyvcpvfzte.jpg,0.09349246323108673
lsdynvygkfyqehlpwbqammadxmsctv.jpg,0.0008976882672868669
ltuibmgnhtgsfugypuufvwrqprxtfk.jpg,0.9784122705459595
lucoklnkqcjyrxyvbgnarqspgcwrku.jpg,0.4374869167804718
lwhltrzhopzxcxkmjnepvkfkuocyyf.jpg,0.9984576106071472
lxxlzvrdieuyvfkeshxuisxgormmyq.png,0.9863539934158325
lyousdaviagybwamxfwdjpjfevopkf.jpeg,0.003404294839128852
lzjxvwtdrrtwjceqgmucfpngihgdxm.jpg,0.0004249671765137464
lzvnzvftxmsgfnxqriwbranxlyjumy.jpg,0.016566231846809387
mawbecdfltccgqymuosaxqmntvllvm.jpg,0.01606299914419651
mbekjxyxdchvessngkvjexxfyqdrvv.jpg,0.2308349311351776
mdwgptlsdcgkglflwsqseheibugref.jpg,0.056779202073812485
meqeaivcxrtyjjlaaysnjeytrmpqmg.jpg,0.8357590436935425
mfkvaqtdkxcsozmtzpeavslszhkbvv.jpg,0.020062115043401718
mhkqlunhxjqrrnpjvwfklbzvwtrhch.jpg,0.34175044298171997
micftikbkvjlfcuknzwfbjpjdhioxe.jpeg,0.059899166226387024
mlkbwnogazpkcxpcdaluzexzhvbsbr.jpg,0.002048950642347336
mragkclknhcnqosdkuvchpjdrjofso.jpg,0.9189853668212891
mrytehdxapzyymznjhvbvkhutalisi.jpg,0.2793564796447754
mryzptvsvgrisoimspvdugeepobqkk.jpg,0.13375459611415863
mthrpqxgvwfdlksknvymngogpppnhp.jpg,0.007993943057954311
mtjmylupexliggdaqvuamtttjbizro.jpg,0.02862630970776081
mtkmqoxjnmplockjwdilejfsrxcbvy.jpg,0.051372990012168884
mtqtvazpnlsfwlreocalqffwosonni.jpg,0.18025653064250946
myruvkfrzwvlkxajpvfhdulbdsqucc.jpg,0.0007122604874894023
mzaawjyklcynlmsxhziexrqskewnsl.jpg,0.012904385104775429
mzvlhczvlelzrkrgyelzjcjtcssgpq.jpg,0.9994195699691772
mzwwwdleaormcvlqonydhzypbhqehq.jpg,0.8646178841590881
naxcngaxukhslcyoodkgkegydlzjnu.jpg,0.9198179841041565
nbpkndryqyojnydlzlnfibqdhnsjzo.jpg,0.6136860847473145
nfxhlppokdjomdwvjweudtpurlmwnx.jpg,0.9561010599136353
nhbvrxtecdhhvyyzdjumuhxwfgsnqf.jpg,0.02097296714782715
nkexoipjsbhmytzjsnvxpkqhdtqidv.jpg,0.9282107353210449
nlhevzkzseaudpnhbawmmufkxnqyni.jpg,0.30277732014656067
nlmpasjsptsygvnkicmsroqwepliof.jpg,0.9759082198143005
nmorsdnxcjanqzfyfjrxbvumnyihft.jpg,0.39636921882629395
nncgaofbnlhkcvnvhajmgrxpomzzba.jpg,0.10091514885425568
nnlxnagizcelrbzdeqpxyonlfardpk.jpg,0.6493187546730042
noesixortoazgbkeukqoveyibvaxrc.jpg,0.9984742403030396
nqhxoimohubxlnbgxulnralrtxyfwo.jpg,0.12157808989286423
nrlywwygzrswfdbhjvdtakksrsvjgk.jpg,0.0020113077480345964
nrxwgfqqltfxrotfkykgknzommtzdd.jpg,0.9983710050582886
nujqgvjxtkvnopkfyzciaziyjndntp.jpg,0.977329671382904
nwikmsqexytmdgyumqrfomreztdxxz.jpg,0.9914919137954712
nxigjkucblcrgqfmwcwritnrmcjsgz.jpg,0.5524930953979492
nxkricypqzyjopipbggbupjyjlyhtj.jpg,0.4106254577636719
nyqzmqlebpyheacmxpeacxszlgxagk.jpg,0.0475228987634182
nzhtmzjahmnlycpchimibdygcdkcnz.jpg,0.8804285526275635
nzpfwndzpzskokcaqmsxlqjgdyrmhe.jpg,0.4010327458381653
ogclzsfhvbloezgkivpedxaldtahzl.jpg,0.8400750756263733
ohiszivnnrkglfcpkvgqobmozjgrwa.jpg,0.023585215210914612
olvntotfzczjpihgsmsrdshaphevzh.jpg,0.9991934895515442
omdjxmhixkgnqsvczwkplpjivyvdbo.jpg,0.4659390449523926
omgrzbdrlptmmwpudagcrctzvznrap.png,0.6968478560447693
oojheezdsmrbzaxtpeapauytvovivl.jpg,0.010150177404284477
opdeeeogjakgkmhchcmfcfggxpcszz.jpg,0.8972157835960388
ornhixchukzqnrcisoodqytmeeqplp.jpg,0.0952494889497757
orsoixyrasfxlkqzngwfasbadeydlh.jpg,0.9889371991157532
orzwzwgaccsbeglnbxsitvpxcivdcm.jpg,0.2982787489891052
osirultbdzsgmknbqrucggtqnfoljs.jpg,0.943111777305603
ovasoplwfuqqevywvgggocgxixnktp.jpg,0.14380833506584167
ovyapwxepknnprboziljwxeskjuiim.jpg,0.012753428891301155
owffonqaueruqlyakqnwwekvjaougd.jpg,0.010772082954645157
oxtgwjovwkjybnyejaezfzqerhvpqj.jpg,0.78157639503479
padarkkzjbruayvwslkssxmumkrjsz.jpg,0.9864712953567505
pbndybjpdykkiinslkpnepifijnsvd.jpg,0.986247718334198
pcoalfrhngfbattlzqaljgpzrmdiby.jpg,0.9026206135749817
pdcxycqzkznkqntnqsmobdhagkfazw.jpg,0.025881465524435043
pdpxzumgibtauzdnqjxumygocmkunl.jpg,0.6784100532531738
pdsjckkmbslkzreqwygyjkeyehtuwy.jpg,0.01219028141349554
pektafvzybcgssvemzxjypfzsriqxx.jpg,0.6726312637329102
pfruckaftscryoyslnzsaqjlrntcdh.jpg,0.1127985417842865
phbrlkorxtxgllwntzlgujplyffcdm.jpg,0.9903948903083801
phpzhjjsvyqxouxeeaethnilycqdoz.jpg,0.16264238953590393
piswtqhtpepgcmilxfeiegdqpofqig.jpg,0.9988958835601807
pixwzsjkuqmcdyobcgumwetegmnyfu.jpg,0.019084200263023376
pjtremwjwtxaqyzmyuhqrkszorrons.jpg,0.03995048999786377
plcaliiefkehjeqojgsaiztfbluwbx.jpg,0.8652184009552002
plhsciipiahwdvplstefomscgwxnje.jpg,0.7137942314147949
plvzvjasjncvrchqwqdwhuzotiofek.png,0.952340304851532
plyaiuqsdfyiowewiorerysaomwoum.jpg,0.9992114305496216
pmlzympeefriiyldejvguoilrtbczx.jpg,0.9982907176017761
pneabcoxhrbfqowczgsexzharlezae.jpg,0.14630602300167084
pomnzkamhxjwtrgalmkbcevrqlijft.jpg,0.016500266268849373
powtvfvfexvzhhubxcczdvqmuwgtil.jpg,0.7869312167167664
ppgimbjhcwxshiqofuziffffgvnnbt.jpg,0.9487956762313843
puffqlvmnlfcwcplpgbrgkuhgkejnl.jpg,0.0004603421548381448
pwynnfibfpdkeeuzxjljusaieterpf.jpg,0.8289066553115845
pxktxhdsuefrpwxtugwuvttfgmqvyz.jpg,0.9101226329803467
pydsgdgzcvormzgjxmsqxgizigmnqq.jpg,0.13190917670726776
qaifzcezpnxsemsninrdanxnrecgxc.jpg,0.9899265766143799
qasruetvxhqscyidfqsbztqteakyss.jpg,0.9756329655647278
qcjrbqnfsvdmyjwegjlhzzzwzfdbgz.jpg,0.9832013249397278
qcwfppwrwajqvcjtzgadczsmjjglpa.jpg,0.057849474251270294
qddqjbxtpsdrvjjdkzkycjbbrgpekf.jpg,0.11775678396224976
qgseasopsvkydhuvnlfmzqbgjydsys.jpg,0.943734884262085
qipkjvcthoccixqxbsdcqgjtzmqvcq.jpg,0.9972234964370728
qiqrvyhllvochhswibdzbsxcuyfcif.jpg,0.1395728886127472
qjkcqczswvymlnybfyqxppcwciayzz.jpg,0.22794775664806366
qlbqjvzglvxhtbjyjrfunwrurqrxox.jpg,0.8785288333892822
qlbtwvbhuhkdoyzgfkmcfqwqjujjwh.jpg,0.25028520822525024
qnpphzfhyjxoutunxsukftvlauzuug.jpg,0.11369140446186066
qqakhuzdxoctiscdztnrzrffzgdvux.jpg,0.3292151987552643
qsgsfxhekupbygbbjmhmgmheylbals.jpg,0.7043800354003906
qskzbotijtjaphichunoesuwbybguk.png,0.844089150428772
qstbmncsmqsiwmnzgipyutolniuxjd.jpg,0.3056369721889496
qsxfaihdktxryqxchmdrhweaubkomf.jpg,0.8882208466529846
qubxzzlnsdvcesxfodgkfhnckwewmm.jpg,0.9449430108070374
qvnxjxzghixyyysszioajgjiexgwzh.jpg,0.9621127843856812
qwqvucqqtmtobwedwslipeohnrkuwr.jpg,0.0806560218334198
qwylrrncmfibtlszybqsofemgweggl.jpg,0.15588979423046112
qwztxkkzraedpivehqtrdcfdcrrsse.png,0.39169687032699585
raoltfuznhttwcfpscjepcqakdkmey.jpg,0.9866479635238647
rbztrgnugpkdoaxagndgdjbijoqele.jpg,0.8060982823371887
rccyeivmdwnblrlijjuyvzyxslwuhh.jpg,0.368381530046463
rdwfgwuicmbzlnqhtyhfemjzmpyrjm.jpg,0.8580029010772705
rfbvqxxqlifrbwhfyopkxalfmvyhfy.jpg,0.972839891910553
rjcsevtxucgtrcxvvsblkrakusacxq.jpg,0.012467952445149422
rjidoxfzbxyeffhrkzguqdqksvwtpa.jpg,0.6335282325744629
rjsayiylvpblfpjzyxwnejcevzncpm.jpg,0.9808087348937988
rkpymadccynfoyvmiftgekkfbbbhdi.png,0.981956422328949
rqxlpeljjhhifqnlrywertwvzywynb.jpg,0.6974047422409058
rrrncyqvyxkyshtdtxrtzcmltgpugh.jpg,0.9238488078117371
rtnaqoagadatjgbczdaehqawjeuxiq.jpg,0.9001501798629761
rwlnkupbstmcbxurjkntrubebavmjd.jpg,0.9671667814254761
rwrhwxbhdpdvlaxkattftklqiorcpo.jpg,0.9754136204719543
saqwjlvhyizasymcqwuumkayyalabr.jpg,0.34010061621665955
saxrcfliklfijsofesenfhbpipucza.jpg,0.20278525352478027
sbjiktnxorfqchvhvtresgziklndbw.jpg,0.7150527238845825
sceudskpqcmpiutrvrjvwzrlyhusve.jpg,0.04105914384126663
sdfklgwygtjlxmwtbggmobikmuuzaw.jpg,0.6382306218147278
sfpwptgynidjmylpqeukgkhzqcitgm.jpg,0.9914900064468384
shtuvrpsdcmoaooaeitmnpuckoaraa.jpg,0.841242790222168
sipovcjjclpnpgtcypjziplmmnzblp.jpg,0.9292826056480408
siqobtmqebviudcxtjszqquivmzvil.jpg,0.7714096903800964
smanxydzpnqbtgyhnkbkqslunnvvyg.jpg,0.4208947420120239
smoiczjaouyiefhoizeyarkxzwutbe.png,0.9726948142051697
smudegzshenddkbjyxihvwjdrensex.jpeg,0.3742792010307312
smwljmgvodmaektpwpvsjbgbemexkz.jpg,0.9918249845504761
snqqviwsotitwwrblhtiabhvphphqw.jpg,0.5174315571784973
snylansyoagwhxkcenskjanfkgpigr.jpg,0.9353552460670471
sseuokumxzgersmrlhofzkzgrkozkq.png,0.7822265625
ssidykbqfofxaqtorcftxaxtusuyvc.jpg,0.9132680892944336
sslssipaijavmhtvbrixtbgwwnlshu.jpg,0.09988145530223846
suvnfydgvqcgdaxlsazlxgubymvfhj.jpg,0.9906027913093567
svegbhuohnflowxkhjvkrifgmxextf.jpg,0.46185973286628723
syjhwwdrvsqvhmkdfyfmggthjmkvzd.jpg,0.1986301690340042
szycncebucycdqljwiolfshxndzpcm.jpg,0.011828610673546791
tbjzvqedthirsztsnsjkfrdgroofmt.jpg,0.0173981711268425
tewzkpvegeenvrdteiupwxlvyjyffy.jpg,0.015499841421842575
thxqsrejgecdethcqecanudtfofcrh.jpg,0.7862394452095032
tihnjhjilrcolmyupysvxjvqbqhvzr.jpg,0.004584945738315582
tkekamvpuqgwyxgekdpmbvarytgffk.jpg,0.6714107990264893
tkudaszaqtrzmyypabwhwanaqqdgsn.jpg,0.8927223086357117
tldspzpkenscsjyokedqawzuqdbjfh.jpg,0.3387850224971771
tlqprwlybfxysvhrnfgnplgbqgsswu.jpg,0.007719739340245724
tmthqtrdrzwgadmsftvwpwlssemeic.jpg,0.0027339039370417595
tnptubiwafwpnymkaaudzcjibkzfgp.jpg,0.0006937962607480586
tnvtseaxgaeuxslabsyczpucoervej.jpg,0.13208343088626862
tosutnsfkotuhlqcxkyartdjribecy.jpg,0.34456557035446167
tqpfjhcqdnetwghsusmzymjepbdnds.jpg,0.00108998897485435
tqtohrbvnjhvqqpkcpqxihkomlzddz.jpg,0.020157158374786377
trvmaugxfpnagutconbyismxjoizzi.jpg,0.9833666086196899
twuombcbchukiltgyoxxovvpqidulj.jpg,0.37452390789985657
txjtghyvfckkbeihbmqcamrwmhfwfr.jpg,0.849645733833313
tzwrmkyyhlxjrbedtztknvlrgdmnfq.jpg,0.5275657176971436
uapjecavqzibecgdvrlwiabgymtvdt.jpg,0.9941094517707825
ueexuzrrjzajyeojqfmglknvpzgzad.jpg,0.5722807049751282
uemcqcfhactlnpdguyeqawxiarukdn.jpg,0.8880947828292847
uemcyhtssgjcecjovuzrmvkxqwmldt.jpg,0.024266865104436874
ufhysrqbbzlrqymeekhvxkoqeyxbyo.jpg,0.05113639682531357
ufjcnzoabfdevufathmxztkvmlfgmd.jpg,0.9840248823165894
ujdigrxiqfjtzrjgfwpvtjsxtviztq.jpg,0.1113404780626297
umgwufightqsnhtjyfochvdnrcsccb.jpg,0.970911979675293
unkvelhemzsndcplwwcplvzhztcllz.jpg,0.43937474489212036
unwndegdcmlinkjsprkshhnpomqvwd.jpg,0.005631932057440281
uoqujcamsyjwlwoztrnvutbgrhdtkx.jpg,0.1284904181957245
uqpvmjbjlwceqgltplhvdxyinayphz.jpg,0.9759414792060852
urdgcrihebtothfemyxubtwpinualu.jpg,0.8749327063560486
urfpnxaaxslypipkziqixilgvtitse.jpg,0.0022108140401542187
usdqhnysmqfjitrxqnfxkureaphlsa.jpg,0.6744439601898193
utjaezxnmbadaiqjqgkmdmfdzqozqr.jpg,0.0022033860441297293
utqrcmliuqbblbxeacpcofcsxvhzgz.jpeg,0.9276700019836426
uuapkpltdjmnmxgttzdtgoewvtdmkf.jpg,0.014782894402742386
uvxtmvpwvucdhkyfjuqzrnxxgecptf.jpg,0.9617630243301392
uxxhcjkukexpxutwqbvdjpgurqmwli.jpg,0.9507520198822021
uyoqejdoxyisbuqsbwjwaecqutvtwg.jpg,0.8294199109077454
uzfesehhvhqxuziizqgipuqbvjkarm.jpg,0.3462178111076355
vdntoytydbayclzrqpfguwpzhplhvj.jpg,0.5189974904060364
versewmzeguanbftslpjlyrupgqobt.jpg,0.027379676699638367
vhwotvbcqepkhmhuhqvbdvahsixptb.jpg,0.10636146366596222
vivqwqshafxumvxojbcouebhpjitvw.jpg,0.5633620023727417
vlpwwjhopipwypxltcstohkkjgudbv.jpg,0.019562916830182076
vluqtgdfiywtuveucboijzbanifapn.jpg,0.9109185338020325
vlxbaplwagipvtfkcjbzapysqmffld.jpg,0.9880431890487671
volxwqaiygijoxnemgujucdvaxcmla.jpg,0.8524289727210999
vvbpnstpnzspemzfccnfftwnsyfosx.jpg,0.26386189460754395
vwnowxqsikzzgaupttmtfffkbprphp.jpg,0.08786986768245697
vwqrhobzdutxipuwgssuzjbhxumbod.jpg,0.4200620949268341
vzqbztrjuoyuzfygogzutjfvnppmpi.jpg,0.9291862845420837
vzygdcxwtgrkwsimilpsbttbchwjey.jpg,0.9424290060997009
wbbujdiznmyiiqjwpjymtypyswyumo.jpg,0.007260891143232584
wbctqgrcgqwhbywsikdklrtbmrplim.jpg,0.5230076313018799
wbfrwkddjwawzxnikfrpffjxtowjhv.jpg,0.001028002006933093
wcjujbvemumhadmwcgkgwahqmrhoif.jpg,0.037219904363155365
wcnsyehazqxgakcdbtyehtkwoiwppj.jpg,0.9503828287124634
wcydlpgrwjmptowavcltpotjbgvxhb.jpg,0.029850229620933533
wdlioyaloeejrcvmjpixqoczoesuns.jpg,0.48251962661743164
weipwizxckxeagywuilohlxktcrypk.jpg,0.7232071161270142
weubnhdcwsklnxmbaoetvbzfistxwg.jpg,0.7606824636459351
wflunumlnfgrpwisuymmudqnjobspo.jpg,0.8165711164474487
wgkzydvcyrnzspiukwtrbmwptujyoo.jpg,0.8088523149490356
wiovvusmzmxindaealykgesxwwleql.jpg,0.9772365093231201
wischoicbrogjyfnhdycphsaneiuwm.jpg,0.18688935041427612
wkvfouqvychfqwsmjnhkraowobkxgy.jpg,0.030121944844722748
wleebloflbfqkneclgoekidfidccim.jpg,0.1491129994392395
wljliaaphisemiemsxielexjlkirlv.jpg,0.037926994264125824
wnwkpbivybsvhesdkadymsqmqopfuy.jpg,0.8063714504241943
woazdfgnjkbxcskuamebaxedxhpszi.jpg,0.14417997002601624
woobvdyoeohahdgjtajoywfsxmtijg.jpg,0.01320236548781395
wooltgxaythwvbtdoruodwvmvbrpfg.jpg,0.0006883353926241398
woulzzpagnqwxegofpdnsxbytvjdki.jpg,0.019071973860263824
wpiddqgustjsgnzcdoykwhecjmfsbo.jpg,0.9996576309204102
wpsmdmlakitjsnypxeecpajkecrgqw.jpg,0.015940625220537186
wpujnxoeirxcyjiiezydfkaxksrdwg.jpg,0.9908708333969116
wqzkxqasodsnxcugavcqsuqmdwqfoa.png,0.9956077337265015
wrtiyoywiyiawtrnbizxykeqjoesmb.jpg,0.9720044732093811
wtcbodbqepiirrtgpzclqipkojxodr.jpg,0.0017951152985915542
wwgnzvefvkhqgcvgzvucdwslmhqdfl.jpg,0.01975463144481182
wwibybtbnrvydizirztvgsbuulpouw.jpg,0.2622228264808655
wzdhiyzvbjlpatadxltwukvizlkpfi.jpg,0.09404338896274567
xaufwjptvdpofxbuefzpcbjdgurmov.jpg,0.3883121907711029
xbuuveyzfnrozevdlhayiqncadyiof.jpg,0.8220219016075134
xemgrytlfzpwpxlpoyklejnqclztru.jpg,0.9990038871765137
xfnuyuiibfvnhcxneinujhzmxyffdn.jpg,0.8314918875694275
xgfrghdwyumnzdvxsuzlehyruvkita.png,0.5265135169029236
xjngjjhzpyhxmstueplojbqreasnes.jpg,0.9369228482246399
xkdueyinwrnlyioamfbqqymynyyjow.jpg,0.02153235860168934
xklxzfuxkxgykpuhuzzaldbdjhcydx.jpg,0.08446875214576721
xkoqrazzrpistsmscyvjarmiuwljsd.jpg,0.9441041946411133
xnyhtjljydambkxbueqmgixbainqrw.jpg,0.9979336261749268
xpivtvyweotwypnjfaenuhouijtwrj.jpg,7.759121945127845e-05
xqhpwicnsoejqslgrlwvntqhqdrjjt.jpg,0.11002247035503387
xurcoxcuznkvnyjhrqrtjfnrqqtlby.jpg,0.004151174332946539
xxirvsjxpsdmicscgrmpcczbnrtoek.jpg,0.0049288650043308735
xxpzhbftdvltokjuzrdiuksfeynqlu.jpg,0.9972109198570251
xykoojgoemrcfmvdobwvlurbpoikpq.jpg,0.024551978334784508
xynfggwypiqaesxayyvjlqfmhsvnlo.jpg,0.020656008273363113
xzcvpmdsnwcmeooidiemxzofsvqrvo.png,0.9986875057220459
ycdmtgjjzxhgzblmjrujqpemeqksch.jpeg,0.974769115447998
yegdjxoapgowmbnvlrdryvaecnynya.jpg,0.8614413738250732
yionojckwcmjxtjevsvpmjezycmilb.jpg,0.054714739322662354
yjncarmoymzspzoiuivzecdjjxnitj.jpg,0.9817807674407959
yklgcnlafkcgjozrkuzbebbsggluus.png,0.47604888677597046
ykmaworjsfbglvakdrsbqhupjiqkhn.jpg,0.12377697229385376
ykngxpgtimmeszcxyntqujxyslvkrz.jpg,0.8659416437149048
yknhljrexjerzopcvabkfobfaznbce.jpg,0.0047731660306453705
ylqsaoehrinbdgkmyqobrytabqvqad.jpg,0.014142093248665333
yncgdbcfbdpippiqjexosicvuxetik.jpg,0.992031455039978
yoljgngorsosxyvpmflodycbrzlojm.jpg,0.17798995971679688
yqhsjijloqxbrfjzbqnasiqfqyvgjq.jpg,0.27418041229248047
ytxadvbbcvbohxmbtvnyepjzdskwli.jpg,0.02138904295861721
yurmkbqrwlidqgbgeeszgsuzzizhtv.jpg,0.003271505469456315
yyvvnujfgpfcpcgwdyjfthnlycslkk.jpg,0.033320918679237366
zdfiplzlfcwkyfucjdtkskjxjdeavq.jpg,0.03944075107574463
zesbxhcglwjpplcmsfntcpummkbhfz.jpg,0.930700421333313
zgigmyufwdfgxuspzppusdfstysjfs.jpg,0.0034583297092467546
zhkdanqqseexvicplcyekiwjqqlhhz.jpg,0.0008409777656197548
ziseknqemrbhawedjdyxevolrwumkq.jpg,0.2600663900375366
zjcrlegcioljqhlaowlaklxwojfpil.jpg,0.9626554250717163
zjlngjlzjwonpqhiiztranntupvtom.jpg,0.16731858253479004
zkmcdlytdocncvgmigqhklfvjqwrni.jpg,0.19979789853096008
zkpcokomrmpbncplmxcklnvgaabmoq.jpg,0.9762789011001587
zndfvhigsuchffrepbzdwrlhgncmtd.jpg,0.8884421586990356
zneawovpezfvxphxdlzgpjhllyxuss.jpg,0.9266555309295654
zodcoeblnsvtuoftjlpquidfhnbtwc.jpg,0.003475160337984562
zojvaryviuzftjfkmeazlzekvpdxri.jpg,0.28502166271209717
zpfhbgixcctxylnihhrepjgcmjksvf.jpg,0.025402087718248367
zuignwckjykxefmpubjpjefvhghaoi.jpg,0.11752022802829742
zuxvwdblfwjpibjexgfglpyreqslhs.jpg,0.11639609932899475
zvyajojutzgqumdjfxxkpiuuxeefyy.jpg,0.9051075577735901
zynasgxnxnzqaallnvkthegctommtu.jpg,0.5911649465560913
